<?xml version="1.0" encoding="utf-16"?>
<Prisoners>
  <Prisoner>
    <Id>3</Id>
    <Name>Binni Cornhill</Name>
    <IncarcerationDate>1967-04-29</IncarcerationDate>
    <EncryptedMessages>
      <Message>
        <Descriprion>!?sdnasuoht evif-ytnewt rof deksa uoy ro orez artxe na ereht sI</Descriprion>
      </Message>
    </EncryptedMessages>
  </Prisoner>
  <Prisoner>
    <Id>2</Id>
    <Name>Diana Ebbs</Name>
    <IncarcerationDate>1963-08-21</IncarcerationDate>
    <EncryptedMessages>
      <Message>
        <Descriprion>.kcab draeh ton evah llits I dna  ,skeew 2 tuoba ni si esaeler mubla ehT .dnuoranrut rof skeew 6-4 sekat ynapmoc DC eht dias yllanigiro eH .gnitiaw llits ma I</Descriprion>
      </Message>
      <Message>
        <Descriprion>.emit ruoy ekat ot uoy ekil lliw ew dna krow ruoy ekil I .hsur on emit ruoy ekat ,enif si tahT</Descriprion>
      </Message>
    </EncryptedMessages>
  </Prisoner>
  <Prisoner>
    <Id>1</Id>
    <Name>Melanie Simonich</Name>
    <IncarcerationDate>1957-03-29</IncarcerationDate>
    <EncryptedMessages>
      <Message>
        <Descriprion>krowten nIdekniL ruoy ot em dda esaelp</Descriprion>
      </Message>
      <Message>
        <Descriprion>!uoy rof ecalp tseb eht dnuof uoy epoh i einaleM</Descriprion>
      </Message>
      <Message>
        <Descriprion>.edulcni ot ton detpo yeht hcihw tub ecalp tsrif eht ni dedeen yeht meht dlot I sgniht lla – cte ,sppa lufesu ,tnetnoc cimanyd evisnopser ylluf ekil sgniht tnemelpmi ot detnaw yeht tuo snruT</Descriprion>
      </Message>
    </EncryptedMessages>
  </Prisoner>
</Prisoners>